g_quartet_count	gc_bias	replication_timing	total_groseq
0.8166666666666667	0.64896805	78.19841166666667	20.383333333333333
0.5333333333333333	0.5858145166666665	75.52994000000002	4.45
1.25	0.6325343833333332	77.41140500000002	29.45
0.45	0.5660342166666668	77.90399333333333	14.266666666666667
0.23333333333333334	0.56400295	69.75907833333333	74.63333333333334
0.75	0.6220949166666668	73.12468916666668	30.433333333333334
1.0666666666666667	0.6213955833333332	77.07747666666666	7.983333333333333
0.13333333333333333	0.4966033	68.33568416666667	4.316666666666666
0.6333333333333333	0.5514820833333334	65.13344249999999	18.583333333333332
0.23333333333333334	0.5079255500000001	41.832869166666676	0.43333333333333335
0.2	0.47455858333333345	76.44101583333332	17.15
0.11666666666666667	0.4685810999999999	77.75059416666667	8.833333333333334
0.0	0.4475355	75.35729333333337	0.3
0.2	0.4814350833333334	78.81439999999999	9.0
0.3	0.5112054166666666	77.38489999999999	7.783333333333333
1.1666666666666667	0.5655347833333334	76.80031749999998	10.683333333333334
0.0	0.4713783333333333	78.02018333333335	361.25
0.43333333333333335	0.5112387500000001	72.85238666666667	4.816666666666666
0.35	0.5254413333333333	73.5400725	2.2666666666666666
0.75	0.5430238666666667	76.20960333333333	18.183333333333334
0.2833333333333333	0.4637692	74.72400916666668	21.916666666666668
0.05	0.45569395	73.72165583333334	5.85
0.11666666666666667	0.4850813	74.9087975	10.616666666666667
0.3	0.49795195	55.840002500000004	15.8
0.55	0.5153513166666667	77.31598333333332	27.633333333333333
0.03333333333333333	0.47988658333333334	77.85013916666665	15.45
0.2	0.4838160333333334	68.87025333333332	0.7666666666666667
0.38333333333333336	0.5008491166666666	78.11367083333332	50.45
0.0	0.4285543833333333	57.241573333333335	10.783333333333333
0.5	0.5165002833333333	70.50298500000001	2.2
0.9833333333333333	0.5447388833333334	70.48337583333335	0.85
0.15	0.46235400000000004	57.59124083333333	0.9
0.06666666666666667	0.45507796666666667	78.50875916666668	66.9
0.4	0.5262404500000001	78.21395833333334	24.666666666666668
0.13333333333333333	0.4905925666666667	80.01298083333333	57.833333333333336
0.0	0.37500796666666664	71.95453916666669	1.35
0.03333333333333333	0.41192100000000004	75.01754083333336	0.4666666666666667
0.3	0.5090744	78.18797083333334	29.95
0.13333333333333333	0.4629035999999999	69.14047333333335	28.466666666666665
0.21666666666666667	0.4539623166666667	62.45291916666666	12.316666666666666
0.21666666666666667	0.41686613333333333	65.81514916666666	3.85
0.03333333333333333	0.43709583333333335	54.943965000000006	0.3333333333333333
0.08333333333333333	0.41778186666666667	66.72767166666668	13.2
0.0	0.3693303166666667	17.843668333333333	0.26666666666666666
0.0	0.34705261666666665	18.40930083333333	15.216666666666667
0.0	0.4037125666666667	17.313949166666664	8.783333333333333
0.0	0.43458178333333325	73.35278	8.5
0.03333333333333333	0.40809155	64.76434416666665	7.8
0.15	0.4332164166666667	74.86042833333332	15.116666666666667
0.03333333333333333	0.37912051666666674	71.70754833333334	7.816666666666666
0.0	0.38596364999999994	76.98761833333336	17.333333333333332
0.21666666666666667	0.48712948333333334	75.46447999999997	0.9333333333333333
0.05	0.4448548333333332	75.31709833333335	9.4
0.016666666666666666	0.44338958333333334	67.76831416666667	37.71666666666667
0.11666666666666667	0.4628868333333333	67.44833666666666	10.8
0.3333333333333333	0.49718608333333336	55.90469083333333	22.6
0.06666666666666667	0.4267229666666666	70.3742475	15.883333333333333
0.13333333333333333	0.43952678333333334	71.2257575	24.35
0.08333333333333333	0.4317179833333333	54.982315	1.8833333333333333
0.0	0.4098563999999999	43.20318333333333	0.06666666666666667
0.016666666666666666	0.39593703333333335	51.46966666666667	1.3666666666666667
0.0	0.3767229166666667	60.9419375	33.166666666666664
0.0	0.4261901666666666	50.70833916666667	18.8
0.1	0.46400235	77.5628716666667	285.65
0.06666666666666667	0.4203958666666667	75.85263666666668	0.4166666666666667
0.08333333333333333	0.46561746666666665	77.6824275	50.56666666666667
0.38333333333333336	0.50544445	76.84633	68.46666666666667
0.25	0.5146521000000001	77.45262583333333	73.86666666666666
0.6666666666666666	0.5098736166666666	67.24442166666667	27.55
0.1	0.4201128499999999	57.45084000000001	18.183333333333334
0.08333333333333333	0.4374788333333333	71.94406333333332	17.8
0.03333333333333333	0.357309	62.40192083333333	0.65
0.08333333333333333	0.40629335	64.921385	21.066666666666666
0.03333333333333333	0.4612884499999999	72.7542375	14.283333333333333
0.13333333333333333	0.4911753	75.31104833333333	11.666666666666666
0.0	0.36062240000000007	68.85970916666666	31.433333333333334
0.08333333333333333	0.4008488166666667	65.33763499999999	29.7
0.25	0.43011968333333334	62.75201583333333	22.266666666666666
0.23333333333333334	0.5055445666666667	70.8100775	0.7333333333333333
0.4	0.5253914666666667	67.20149666666667	3.7
0.21666666666666667	0.41078891666666667	66.84832666666667	19.333333333333332
0.03333333333333333	0.4166996000000001	67.13029166666666	3.15
0.11666666666666667	0.4117379	68.114805	11.066666666666666
0.05	0.39445515000000003	67.36124249999999	1.0333333333333334
0.0	0.4306023666666666	74.34788416666669	8.916666666666666
0.016666666666666666	0.4626702833333333	78.02682666666666	5.733333333333333
0.05	0.47241061666666667	78.30507750000001	1.4666666666666666
0.13333333333333333	0.43394901666666663	76.6019325	30.116666666666667
0.05	0.4420242833333333	76.22895	13.066666666666666
0.26666666666666666	0.4407922333333333	57.56518500000001	0.9833333333333333
0.05	0.4176153666666667	46.546510000000005	6.566666666666666
0.18333333333333332	0.39993308333333333	64.13700083333332	10.233333333333333
0.06666666666666667	0.45376263333333333	77.06749416666666	6.233333333333333
0.1	0.43801161666666666	66.28393916666666	2.2
0.13333333333333333	0.4576087333333333	70.33872583333333	0.85
0.06666666666666667	0.4276387	66.29859749999999	1.0666666666666667
0.1	0.4121708166666667	65.18485833333332	9.166666666666666
0.03333333333333333	0.4206789333333333	53.767735833333326	8.166666666666666
0.3	0.43967670000000003	64.27127166666668	23.033333333333335
0.03333333333333333	0.4714783333333334	46.14878666666666	0.36666666666666664
0.4666666666666667	0.4998999333333333	66.72075083333333	13.733333333333333
0.45	0.4579418333333333	69.110675	9.783333333333333
0.0	0.46593378333333335	74.49203416666664	6.166666666666667
0.05	0.4543785833333333	78.06898500000001	5.1
0.2	0.47502469999999997	77.95519749999997	9.15
0.03333333333333333	0.4224105333333333	36.324175833333335	0.13333333333333333
0.23333333333333334	0.4521144	66.96463083333333	13.15
0.03333333333333333	0.41090545000000006	62.92471333333333	8.2
0.0	0.36478489999999997	20.08331833333333	0.06666666666666667
0.0	0.35909063333333335	24.047911666666668	19.2
0.03333333333333333	0.3713283	12.906195833333332	0.35
0.05	0.39858438333333335	77.87928083333334	41.833333333333336
0.06666666666666667	0.41678289999999996	73.70500833333332	70.83333333333333
0.06666666666666667	0.47389249999999994	70.63930833333332	6.966666666666667
0.18333333333333332	0.48176796666666666	73.42851999999999	4.0
0.11666666666666667	0.44610353333333325	78.30798833333334	27.116666666666667
0.11666666666666667	0.47182795	77.42428083333334	1.7
0.13333333333333333	0.49184136666666667	72.94081500000001	10.8
0.4	0.5077757166666668	47.07424666666667	1.2666666666666666
0.43333333333333335	0.4984848833333333	76.080085	22.233333333333334
0.13333333333333333	0.48013625	77.94154666666668	27.133333333333333
0.08333333333333333	0.47758905	43.03493583333333	1.0
0.08333333333333333	0.38088545	73.69716833333332	10.633333333333333
0.0	0.40619343333333335	77.10609583333334	0.03333333333333333
0.0	0.41296996666666674	76.71331083333332	17.6
0.16666666666666666	0.4129200333333333	68.51020583333334	0.2
0.0	0.3851644833333333	68.83503666666667	0.26666666666666666
0.03333333333333333	0.4218111666666667	76.40001166666669	17.183333333333334
0.15	0.43145154999999996	54.50277833333334	29.066666666666666
0.0	0.4587576166666666	76.17773583333334	5.483333333333333
0.4166666666666667	0.5396272833333333	71.89171583333335	0.7833333333333333
0.13333333333333333	0.49087574999999994	79.41252833333333	22.383333333333333
0.31666666666666665	0.4649848666666667	72.38067500000002	2.466666666666667
0.03333333333333333	0.4306690666666667	53.985714166666675	7.45
0.13333333333333333	0.4832999166666666	32.72076416666667	0.13333333333333333
0.21666666666666667	0.4852978666666667	39.51848916666666	1.5666666666666667
0.8666666666666667	0.5945224333333333	76.56173833333334	22.433333333333334
0.55	0.5650517666666666	76.06199083333334	23.35
0.26666666666666666	0.5441893	78.29858833333334	9.616666666666667
0.4166666666666667	0.5419581333333333	72.02055	9.3
0.8833333333333333	0.6044792166666667	76.63872833333333	48.016666666666666
0.0	0.49850145	75.44742749999999	36.36666666666667
0.31666666666666665	0.4832998333333334	75.79180416666667	25.85
0.03333333333333333	0.4157006833333334	47.1618425	0.36666666666666664
0.1	0.41656643333333326	48.482706666666665	17.016666666666666
0.2	0.4329667166666667	75.63488000000001	23.466666666666665
0.13333333333333333	0.42657311666666675	67.96006416666665	17.8
0.35	0.4275387833333334	58.09000083333332	13.633333333333333
0.11666666666666667	0.37284351666666665	18.582637499999993	6.916666666666667
0.0	0.3981348	64.3970325	0.21666666666666667
0.11666666666666667	0.43576393333333335	74.572395	24.1
0.11666666666666667	0.43574718333333334	74.06392833333334	0.36666666666666664
0.05	0.4225437000000001	67.4421675	1.7666666666666666
0.0	0.4207455333333333	45.804764166666665	0.9
0.25	0.5140859333333334	46.77390583333334	0.5666666666666667
0.2833333333333333	0.5076091	56.53321833333332	5.066666666666666
0.0	0.38216751666666665	43.004130833333335	37.266666666666666
0.23333333333333334	0.4955709833333334	60.68030083333334	62.266666666666666
0.6833333333333333	0.5438232166666668	67.95807999999998	1.7833333333333334
0.1	0.45864098333333325	77.90751333333333	54.1
0.2833333333333333	0.5152514333333335	77.53977083333334	43.7
0.1	0.4955544500000001	78.27508166666665	0.6666666666666666
0.2	0.5089243833333333	78.69079416666665	66.75
0.6333333333333333	0.6006829666666668	77.61107416666668	59.68333333333333
0.9	0.5807195666666666	77.78763249999999	135.78333333333333
0.03333333333333333	0.5146021166666667	75.88785333333335	6.966666666666667
0.03333333333333333	0.4447715	68.7839125	33.016666666666666
0.9833333333333333	0.5627876333333333	76.49011916666664	88.08333333333333
0.21666666666666667	0.45537764999999997	75.55044749999999	19.0
0.03333333333333333	0.46518444999999997	76.91899	2.966666666666667
0.15	0.4275387	77.83439916666666	10.75
0.05	0.4340655666666666	64.80715166666667	5.1
0.16666666666666666	0.4442387166666667	56.99747166666667	2.65
0.03333333333333333	0.3947715666666667	62.43308666666667	12.533333333333333
0.21666666666666667	0.3972857166666667	65.13216416666666	5.6
0.03333333333333333	0.45108203333333324	73.87922083333335	3.5166666666666666
0.1	0.39518776666666666	63.28307083333333	0.3333333333333333
0.0	0.40877416666666666	74.19576749999997	19.15
0.11666666666666667	0.43106859999999997	79.22472666666668	8.1
0.35	0.5138695333333334	78.43897333333332	57.31666666666667
0.03333333333333333	0.4603893333333333	71.89110333333335	7.116666666666666
0.16666666666666666	0.4419576833333333	74.74234666666665	9.833333333333334
0.1	0.38268361666666667	73.23236416666667	21.616666666666667
0.03333333333333333	0.37514119999999995	76.28490166666667	0.7666666666666667
0.13333333333333333	0.4394269333333334	69.62363583333332	17.2
0.06666666666666667	0.36152148333333334	42.02199500000001	0.5
0.03333333333333333	0.42462505	61.92335416666666	4.35
0.2	0.46906406666666667	74.01830249999999	26.166666666666668
0.5	0.51591745	79.64439333333333	46.13333333333333
0.7333333333333333	0.5393940166666666	77.1828275	88.2
0.13333333333333333	0.4447049166666667	76.63364666666666	59.06666666666667
0.13333333333333333	0.44465498333333325	74.97499999999998	12.083333333333334
0.05	0.34109189999999995	74.53399750000003	57.21666666666667
0.03333333333333333	0.36641655	58.69901166666666	1.0666666666666667
0.1	0.43346618333333337	67.57043083333333	14.366666666666667
0.016666666666666666	0.40299660000000004	67.40686916666667	3.1166666666666667
0.0	0.37339293333333334	75.52339083333332	8.916666666666666
0.05	0.3710952333333334	72.79487666666668	13.083333333333334
0.1	0.40109856666666666	40.511250833333335	29.083333333333332
0.06666666666666667	0.37212755	74.16273166666666	37.21666666666667
0.0	0.4031298666666668	73.06771166666667	19.4
0.11666666666666667	0.41435201666666654	66.08299416666667	7.216666666666667
0.05	0.43869424999999995	57.659760000000006	18.266666666666666
0.06666666666666667	0.39911720000000006	63.737965833333334	14.716666666666667
0.18333333333333332	0.41828143333333323	76.62800666666665	270.25
0.06666666666666667	0.3840322666666667	77.02433583333332	12.45
0.6666666666666666	0.5542793	77.81069250000002	27.033333333333335
0.5	0.5230769833333333	73.49409916666669	28.216666666666665
0.15	0.4898933666666666	76.27705833333333	33.416666666666664
0.1	0.46438538333333323	77.32588333333332	48.81666666666667
0.23333333333333334	0.5402766833333333	78.36611416666665	29.4
0.35	0.49215770000000003	78.5714841666667	20.733333333333334
0.2	0.47197771666666666	79.20974	36.61666666666667
0.4	0.4956875333333334	76.51313166666667	21.2
0.3	0.5038296000000001	78.82748166666667	161.8
0.03333333333333333	0.36441858333333327	60.729657499999995	18.0
0.03333333333333333	0.39378918333333335	69.97594166666667	11.516666666666667
0.0	0.4175654000000001	67.48682999999998	9.016666666666667
0.05	0.41208756666666674	68.79373166666667	15.9
0.0	0.39960003333333327	70.71277166666667	14.133333333333333
0.15	0.35221416666666666	37.086336666666654	0.5166666666666667
0.03333333333333333	0.35767530000000003	38.79368416666667	0.06666666666666667
0.25	0.43546425	62.3529075	4.233333333333333
0.18333333333333332	0.40133168333333324	71.331115	3.1166666666666667
0.18333333333333332	0.4481515500000001	60.83061916666667	3.933333333333333
0.1	0.4442054000000001	73.37133833333333	34.1
0.15	0.4376953333333334	50.30337833333333	13.883333333333333
0.06666666666666667	0.4216946333333333	73.06755083333333	5.333333333333333
0.03333333333333333	0.3620709	56.289390833333336	1.2
0.08333333333333333	0.4464698666666666	43.69382333333332	11.95
0.0	0.2577753666666666	62.25703	0.16666666666666666
0.26666666666666666	0.49720264999999997	76.96593750000001	24.25
0.03333333333333333	0.45829138333333336	78.19561416666666	27.383333333333333
0.08333333333333333	0.4561269500000001	76.57460833333332	32.25
0.23333333333333334	0.45775849999999996	63.717909999999996	11.966666666666667
0.11666666666666667	0.4677819833333333	51.72059083333334	0.23333333333333334
0.03333333333333333	0.46355284999999996	74.62097666666666	13.75
0.2833333333333333	0.44082545000000006	72.14012666666666	14.616666666666667
0.15	0.5417916333333334	78.08363083333334	29.15
0.25	0.5155842666666666	79.2696	31.833333333333332
0.3	0.5328506	79.39097749999999	35.88333333333333
0.7	0.6219450666666666	69.83805166666664	5.65
0.1	0.4077085833333333	39.7858275	8.383333333333333
0.0	0.4046949833333333	56.014485000000015	10.8
0.25	0.40945690000000007	57.78694666666666	14.15
0.1	0.4239923333333334	58.13673500000001	1.0333333333333334
0.05	0.39658635	61.49800166666668	0.5666666666666667
0.03333333333333333	0.4220775833333333	57.89938166666666	11.85
0.05	0.40253048333333336	57.3233825	0.36666666666666664
0.03333333333333333	0.37329303333333336	37.00454416666667	10.716666666666667
0.2	0.4523141333333333	63.409897499999985	8.583333333333334
0.05	0.41207085000000004	72.93750416666668	0.3
0.13333333333333333	0.36959676666666663	63.33857499999999	15.25
0.08333333333333333	0.41881414999999994	53.2097925	0.31666666666666665
0.03333333333333333	0.3849147333333334	43.84125833333335	3.1
0.0	0.34573725000000005	49.636202499999996	0.2
0.05	0.4022807	73.91221666666667	13.933333333333334
0.11666666666666667	0.41265370000000007	48.70233666666666	12.1
0.0	0.36963003333333333	46.40332083333333	0.06666666666666667
0.23333333333333334	0.40289676666666663	35.624745833333336	15.066666666666666
0.05	0.41848113333333337	59.07189333333334	1.7166666666666666
0.0	0.3726270166666667	59.501774999999995	4.15
0.03333333333333333	0.3660669	63.91904416666666	0.8833333333333333
0.03333333333333333	0.41180446666666665	71.25796916666668	44.1
0.15	0.4504492666666667	70.79691833333335	38.35
0.6166666666666667	0.5171662166666667	60.93779916666666	9.566666666666666
0.25	0.5372130500000001	76.77798333333332	26.033333333333335
0.05	0.38604696666666666	47.34471	27.733333333333334
0.0	0.44235725	77.02188750000002	2.9833333333333334
0.08333333333333333	0.41298663333333335	74.87822333333332	34.85
0.26666666666666666	0.43200108333333337	69.05666666666664	22.95
0.06666666666666667	0.42357605	77.26517666666668	17.7
0.06666666666666667	0.4472024166666666	76.44119166666665	30.483333333333334
0.08333333333333333	0.41703261666666674	70.3032375	14.7
0.11666666666666667	0.41325304999999996	74.15328000000001	19.416666666666668
0.2	0.41306993333333336	76.42704166666667	20.533333333333335
0.13333333333333333	0.42119508333333333	70.33832249999999	3.533333333333333
0.03333333333333333	0.3983845833333334	65.99796333333333	10.2
0.0	0.40907388333333333	66.55908500000001	55.11666666666667
0.25	0.4230766333333333	68.68901583333333	25.116666666666667
0.11666666666666667	0.40980656666666665	75.845365	20.433333333333334
0.05	0.48271714999999993	71.20560500000002	12.083333333333334
0.26666666666666666	0.47039601666666664	72.96805999999998	1.2666666666666666
0.3333333333333333	0.4115714666666666	68.96516666666666	5.333333333333333
0.08333333333333333	0.44433863333333334	75.21308999999998	5.766666666666667
0.21666666666666667	0.4755409166666667	65.49680083333334	12.266666666666667
0.6666666666666666	0.5207627	76.56207583333331	27.65
0.0	0.44973325000000003	69.17696583333333	1.5333333333333334
0.2833333333333333	0.3904258833333333	34.68703583333333	0.1
0.03333333333333333	0.4371626166666666	52.299615833333334	24.183333333333334
0.05	0.38153475000000003	53.85312833333333	3.683333333333333
0.13333333333333333	0.44230739999999996	66.495575	36.9
0.08333333333333333	0.4339323666666666	65.18562083333333	34.28333333333333
0.05	0.48351629999999995	78.30304249999999	5.133333333333334
0.0	0.5140027666666668	46.69246499999999	0.3
0.11666666666666667	0.43023611666666667	65.65932833333333	6.45
0.13333333333333333	0.5258243833333334	71.33153666666665	2.05
0.11666666666666667	0.5176657333333333	66.64191833333334	0.7333333333333333
0.05	0.4668496	78.00590083333333	32.63333333333333
0.11666666666666667	0.49563769999999996	75.75990750000001	55.5
0.21666666666666667	0.48894431666666677	75.2249825	27.216666666666665
0.16666666666666666	0.49413899999999994	78.18674083333333	4.05
0.8333333333333334	0.5870798500000001	77.80050583333335	30.816666666666666
0.38333333333333336	0.5812190000000002	76.90518666666667	58.6
0.11666666666666667	0.5799702833333333	74.65784750000003	10.066666666666666
0.11666666666666667	0.5372294666666667	75.51507250000002	12.133333333333333
0.03333333333333333	0.42510791666666664	34.25718083333334	1.2333333333333334
0.0	0.4309187166666666	74.04957916666666	24.666666666666668
0.5166666666666667	0.5227938499999999	77.22730916666667	3.566666666666667
0.13333333333333333	0.5049782833333334	77.09214416666667	57.46666666666667
0.15	0.5001830833333333	78.39108250000001	20.016666666666666
0.0	0.43767863333333346	75.11017666666667	55.3
0.06666666666666667	0.43248383333333335	72.14361249999999	11.483333333333333
0.06666666666666667	0.43404895	61.320840000000004	20.083333333333332
0.16666666666666666	0.4075920666666667	67.61976583333332	10.7
0.0	0.3552777333333333	72.1920225	2.566666666666667
0.11666666666666667	0.3580416333333334	69.87627	36.38333333333333
0.1	0.3974855	73.61540000000001	0.2833333333333333
0.0	0.42335958333333334	73.11497333333335	7.816666666666666
0.31666666666666665	0.39179121666666666	61.91318833333333	16.733333333333334
0.0	0.4209120333333333	68.68840583333332	17.8
0.0	0.41436861666666663	65.59512166666667	2.8666666666666667
0.0	0.36292005	55.012590833333334	0.4666666666666667
0.25	0.4532130666666667	76.67808166666669	1.3333333333333333
0.08333333333333333	0.39805159999999995	75.06267249999999	20.85
0.0	0.43065235	62.08676083333333	16.716666666666665
0.21666666666666667	0.4500662333333334	73.6687525	5.166666666666667
0.06666666666666667	0.45432878333333326	72.79260000000001	27.866666666666667
0.1	0.46378593333333334	71.19036666666666	47.31666666666667
0.0	0.44115850000000006	74.85555499999997	27.45
0.1	0.4695801333333333	77.61583000000002	18.266666666666666
0.05	0.39547083333333344	69.87486333333332	24.066666666666666
0.11666666666666667	0.45387910000000004	73.81717416666667	0.4
0.0	0.42615679999999995	67.03332916666666	0.6666666666666666
0.2833333333333333	0.4921078499999999	68.13074499999999	13.633333333333333
0.4166666666666667	0.5448388166666667	72.12526583333333	3.566666666666667
0.5833333333333334	0.5450884666666667	77.67931750000001	10.4
0.4	0.56846515	77.65908166666665	16.666666666666668
0.03333333333333333	0.38356606666666665	28.89540833333334	0.16666666666666666
0.05	0.4246916	57.0418025	8.65
0.06666666666666667	0.43286683333333326	49.18798749999999	73.0
0.1	0.4636527333333334	73.3331025	3.7666666666666666
0.13333333333333333	0.40687606666666665	38.966140833333334	1.3333333333333333
0.11666666666666667	0.40452845	65.81871083333333	1.7833333333333334
0.03333333333333333	0.39891738333333326	66.62935916666667	32.11666666666667
0.26666666666666666	0.5000831666666667	71.79888000000001	22.583333333333332
0.5666666666666667	0.5769566833333334	80.11547999999998	32.416666666666664
0.18333333333333332	0.4820177666666667	75.35716583333334	3.066666666666667
0.15	0.48295006666666657	72.88972916666667	19.533333333333335
0.05	0.4601395000000001	55.088832499999995	0.3
0.06666666666666667	0.45702593333333336	31.987178333333336	2.6166666666666667
0.25	0.4561268833333333	70.42635166666668	0.3
0.0	0.4827337666666666	70.47551666666666	0.2
0.0	0.4682148166666666	73.66260166666666	0.5333333333333333
0.05	0.43919375000000005	73.48527166666666	5.316666666666666
0.05	0.44665298333333336	67.5987675	12.083333333333334
0.15	0.4576087166666667	77.05683083333332	5.866666666666666
0.03333333333333333	0.4319177	64.38632416666665	0.7
0.13333333333333333	0.48035274999999994	74.72561583333332	8.566666666666666
0.2833333333333333	0.4944554666666667	78.61751166666667	18.0
0.2833333333333333	0.4933897666666667	79.12644833333336	28.766666666666666
0.08333333333333333	0.49473848333333337	78.2125	12.266666666666667
0.21666666666666667	0.54840175	77.60428500000002	38.15
0.0	0.36381915000000004	30.200395	0.06666666666666667
0.16666666666666666	0.46410228333333337	51.725085000000014	11.716666666666667
0.43333333333333335	0.5012486666666667	78.25549666666666	39.5
0.05	0.45391241666666665	76.81523666666664	14.933333333333334
0.1	0.5308359833333334	78.65062916666668	2.3666666666666667
0.08333333333333333	0.47319321666666675	77.07145333333332	48.86666666666667
0.03333333333333333	0.4675988166666667	74.12706666666666	0.43333333333333335
0.05	0.46628348333333325	79.34933	44.016666666666666
0.26666666666666666	0.5109057166666667	78.82802666666663	7.366666666666666
0.0	0.4547115666666667	77.64355500000002	5.65
0.11666666666666667	0.4623873499999999	73.02772583333332	7.566666666666666
0.21666666666666667	0.4693803666666667	73.63415416666666	26.866666666666667
0.0	0.42667291666666673	27.413400833333334	0.06666666666666667
0.1	0.4889442	72.42796333333331	2.1666666666666665
0.5	0.4799365666666666	71.69599083333334	5.1
0.23333333333333334	0.48160144999999993	72.7775325	38.416666666666664
0.03333333333333333	0.4816515	72.14118416666665	18.416666666666668
1.2833333333333334	0.6253583500000002	74.93094666666667	24.1
0.38333333333333336	0.5403931166666667	76.84030666666665	27.066666666666666
0.8666666666666667	0.60467895	78.15760500000002	45.65
0.3333333333333333	0.50456205	70.17934749999999	18.8
0.8333333333333334	0.56799895	71.06901833333333	26.466666666666665
0.4166666666666667	0.5443724833333333	70.8108075	1.7
0.3	0.5469532666666667	72.53213999999998	3.5833333333333335
0.16666666666666666	0.4781715833333333	76.97641666666667	0.48333333333333334
0.1	0.54097595	70.89660333333333	2.9
0.13333333333333333	0.48621366666666666	70.53095083333332	0.3
0.5333333333333333	0.5463537666666666	68.11753416666667	36.3
0.1	0.4510820333333333	70.06456916666667	1.85
0.43333333333333335	0.5256577333333333	68.78855750000001	24.133333333333333
0.23333333333333334	0.5116383333333333	73.3053725	43.266666666666666
0.1	0.50106545	78.9116075	128.56666666666666
0.15	0.4211451833333333	48.01057166666668	12.716666666666667
0.18333333333333332	0.4285044166666667	58.425798333333326	0.5666666666666667
0.1	0.4356140833333333	69.20184166666667	2.8833333333333333
0.4166666666666667	0.5185149499999999	77.86237083333332	16.183333333333334
0.35	0.4861470666666666	70.41735500000001	2.0
0.3	0.5316351666666665	75.34489083333334	17.666666666666668
0.13333333333333333	0.53275085	76.21581083333335	1.55
0.08333333333333333	0.5091741000000001	73.50397	17.583333333333332
0.3	0.53494855	77.2996666666667	8.65
0.11666666666666667	0.43230070000000004	76.19229666666668	13.6
0.2	0.5075758	59.1976	9.1
0.3	0.5215618166666667	59.146260833333336	31.533333333333335
0.06666666666666667	0.44991641666666654	72.96003500000002	0.13333333333333333
0.23333333333333334	0.40907393333333336	58.54223083333334	1.9333333333333333
0.1	0.40491146666666666	55.63096833333335	8.3
0.6833333333333333	0.5325508833333333	65.27651083333333	6.583333333333333
0.08333333333333333	0.4407421833333333	75.13626666666666	1.6666666666666667
0.13333333333333333	0.42629003333333326	64.910985	0.16666666666666666
0.05	0.4589240333333332	72.62749499999998	0.3
0.43333333333333335	0.5488679833333333	77.99447666666669	45.71666666666667
0.15	0.45524445	74.74720833333332	26.35
0.5333333333333333	0.5342492	78.80778333333336	27.883333333333333
0.3333333333333333	0.4990176499999999	78.09957	62.333333333333336
0.16666666666666666	0.4968864333333333	76.8545175	8.133333333333333
0.35	0.5221446166666667	78.57625833333333	26.25
0.08333333333333333	0.47542435	76.68784333333335	20.583333333333332
0.43333333333333335	0.5082417166666667	72.32012833333332	6.633333333333334
0.0	0.4492171666666667	74.70184166666667	24.583333333333332
0.16666666666666666	0.44795178333333324	69.7250725	7.766666666666667
0.15	0.5211955666666667	71.63821750000002	5.266666666666667
0.05	0.45616013333333333	74.6307125	0.06666666666666667
0.13333333333333333	0.4696634166666668	74.3418	16.266666666666666
0.65	0.5106062000000001	78.24561916666666	16.933333333333334
0.25	0.45810826666666665	77.31415666666668	3.283333333333333
0.31666666666666665	0.49708625	76.84912	0.7666666666666667
0.7166666666666667	0.5526643333333332	77.9251725	39.25
0.0	0.45071563333333337	78.27402916666668	32.03333333333333
0.0	0.40993964999999993	63.11916999999999	1.8666666666666667
0.38333333333333336	0.4310186666666667	72.01841583333332	7.033333333333333
0.06666666666666667	0.4512817	62.14074833333333	9.05
0.1	0.4091072	76.74250416666668	10.733333333333333
0.05	0.40907385	68.71979333333334	1.7666666666666666
0.23333333333333334	0.4869461166666666	69.88418416666667	33.983333333333334
0.13333333333333333	0.45882413333333333	73.680785	0.6666666666666666
0.05	0.4618545166666667	72.11298583333333	16.733333333333334
0.23333333333333334	0.4379617333333334	73.41567833333333	4.066666666666666
0.016666666666666666	0.4794869833333333	78.94585166666667	5.85
0.13333333333333333	0.49543781666666664	72.05362833333334	0.4
0.4	0.5370463999999999	78.04986083333334	57.6
0.1	0.5279720499999999	79.0764525	47.21666666666667
0.03333333333333333	0.5168832166666666	78.64785583333332	33.166666666666664
0.4666666666666667	0.5629206	77.283885	12.666666666666666
0.15	0.4261401333333333	48.57199583333333	4.116666666666666
0.03333333333333333	0.40481145	73.04247583333336	3.1333333333333333
0.0	0.3954375333333333	43.643794166666666	2.6666666666666665
0.0	0.42882076666666663	64.96908666666667	1.6
0.06666666666666667	0.41042255	67.717795	3.95
0.18333333333333332	0.49706953333333337	73.29274500000001	13.083333333333334
0.0	0.4665831833333334	77.13664166666668	5.75
0.06666666666666667	0.4479351000000001	78.56329416666668	23.45
0.08333333333333333	0.41257038333333335	66.28300416666667	5.1
0.05	0.41818143333333335	65.66708083333334	1.3333333333333333
0.1	0.42272691666666673	77.53392083333331	18.133333333333333
0.23333333333333334	0.4346982333333334	69.949425	11.516666666666667
0.1	0.36535095	47.86139	0.3333333333333333
0.15	0.39497136666666666	46.8209075	3.1
0.03333333333333333	0.43393240000000005	77.9192625	22.25
0.0	0.40607693333333333	62.983869166666665	10.766666666666667
0.23333333333333334	0.39821811666666673	69.68137916666667	2.6666666666666665
0.1	0.39129168333333325	66.0412925	3.6333333333333333
0.2	0.4392103666666667	67.48070666666666	0.13333333333333333
0.06666666666666667	0.45188116666666667	73.44416833333331	3.1333333333333333
0.06666666666666667	0.4267228833333333	77.63185333333334	3.8833333333333333
0.06666666666666667	0.4347482166666667	73.05662083333333	7.766666666666667
0.03333333333333333	0.43631331666666673	75.03667500000002	4.333333333333333
0.8	0.6097239333333333	77.732525	15.233333333333333
0.65	0.6137698833333332	79.38528166666667	58.31666666666667
0.4166666666666667	0.6013656333333333	78.90568583333332	37.333333333333336
0.06666666666666667	0.5507661666666667	78.74823916666666	11.983333333333333
0.43333333333333335	0.5409759166666667	78.563475	20.7
0.2	0.5457212166666667	79.17768166666669	12.566666666666666
0.36666666666666664	0.5325675166666667	77.92057583333334	10.533333333333333
0.5833333333333334	0.5370297666666667	76.75640083333333	17.7
0.0	0.5087579666666666	79.13949833333332	1.3
0.48333333333333334	0.5211621833333334	68.79096833333332	0.8666666666666667
0.75	0.5961375333333334	77.97036666666666	69.35
0.15	0.5027638166666666	71.30025833333335	8.666666666666666
0.2	0.48098545000000004	78.33480833333336	11.266666666666667
0.03333333333333333	0.4349813666666667	47.44980833333334	5.766666666666667
0.45	0.5092906500000001	78.89070916666668	5.05
0.2	0.5074259833333333	79.71495583333333	6.15
0.6	0.5494673666666667	79.31398916666669	62.36666666666667
0.4666666666666667	0.53053625	78.87267250000001	47.166666666666664
0.25	0.5095737166666666	78.12772333333334	63.833333333333336
0.08333333333333333	0.4873957999999999	76.202195	7.85
0.31666666666666665	0.5242758666666666	78.143685	21.5
0.0	0.41450181666666663	42.04835666666666	4.1
0.0	0.40840790000000005	31.503519999999995	0.7333333333333333
0.11666666666666667	0.4611219	11.891455833333332	0.4
0.48333333333333334	0.4816348666666667	45.17442833333333	2.1333333333333333
0.05	0.4346317166666667	61.105065	14.466666666666667
0.2833333333333333	0.49562084999999995	67.73863333333333	17.0
0.2	0.48752893333333336	78.39328916666668	22.4
0.03333333333333333	0.4194968333333334	74.85745166666669	52.11666666666667
0.2	0.4983182666666667	71.23268916666667	5.116666666666666
0.26666666666666666	0.5266735166666667	76.46705083333333	52.65
0.15	0.3893103833333333	28.37587666666667	10.633333333333333
0.05	0.42360936666666665	32.310478333333336	22.0
0.6	0.49267385	73.160145	24.733333333333334
0.9333333333333333	0.5668833333333333	79.10991583333333	28.8
0.38333333333333336	0.5172827666666667	78.15036333333333	194.85
0.11666666666666667	0.49015964999999995	78.97802333333333	38.6
0.48333333333333334	0.5268732833333334	79.00116	13.533333333333333
1.0	0.5448553166666668	77.01461916666666	20.966666666666665
0.4	0.5583419333333333	76.38131916666667	31.533333333333335
1.05	0.5475193333333334	78.82737083333333	47.45
0.5166666666666667	0.5178321833333334	77.78208583333334	15.333333333333334
0.08333333333333333	0.47294350000000007	46.58236833333333	9.883333333333333
0.4166666666666667	0.5265069000000001	67.95787666666668	15.983333333333333
0.0	0.4486510000000001	66.43248	19.266666666666666
0.2	0.4117046166666666	40.597869999999986	24.866666666666667
0.18333333333333332	0.39673621666666664	23.498345833333328	0.2
0.11666666666666667	0.4665831333333334	78.54241999999999	4.55
0.2	0.47232749999999996	70.64267666666666	0.9666666666666667
0.18333333333333332	0.49005981666666665	74.64031999999999	15.616666666666667
0.15	0.4991507666666667	77.20271583333334	56.96666666666667
0.11666666666666667	0.46924730000000003	75.06105	6.083333333333333
0.03333333333333333	0.4334162166666667	74.47236166666667	13.683333333333334
0.16666666666666666	0.4501828166666666	74.07385416666666	12.633333333333333
0.0	0.3842320499999999	74.5358125	4.566666666666666
0.03333333333333333	0.4215780833333333	73.69437416666665	8.483333333333333
0.25	0.4513816333333333	63.771140833333334	12.783333333333333
0.21666666666666667	0.43466501666666674	59.88995750000001	8.366666666666667
0.13333333333333333	0.43178454999999993	74.46980749999999	48.766666666666666
0.26666666666666666	0.4792038833333333	61.57508583333334	27.766666666666666
0.16666666666666666	0.38892738333333327	65.1051025	17.716666666666665
0.03333333333333333	0.41706593333333336	70.7948175	43.38333333333333
0.03333333333333333	0.36563400000000007	47.911950000000004	0.1
0.15	0.40103195	69.04419583333335	19.466666666666665
0.11666666666666667	0.40322978333333326	72.96429333333332	23.666666666666668
0.13333333333333333	0.42610686666666664	56.623492500000005	5.833333333333333
0.11666666666666667	0.4442887666666666	72.76950083333332	9.95
0.08333333333333333	0.40404555000000003	70.75496333333334	9.3
0.05	0.4451711500000001	77.7252175	24.4
0.11666666666666667	0.4553609666666667	74.76615999999999	26.533333333333335
0.18333333333333332	0.47680635000000005	78.16473666666666	11.633333333333333
0.35	0.4969030166666667	76.25430083333335	13.416666666666666
0.3	0.44823479999999993	53.35137666666667	12.416666666666666
0.13333333333333333	0.46017279999999994	72.93456500000002	20.966666666666665
0.03333333333333333	0.40815819999999997	58.604119999999995	12.933333333333334
0.13333333333333333	0.3945051499999999	75.56020083333333	12.4
0.2	0.5171495833333334	48.125924166666664	5.166666666666667
0.16666666666666666	0.5065101833333333	70.17207916666666	13.966666666666667
0.25	0.45734241666666675	72.93774250000001	5.166666666666667
0.08333333333333333	0.4747584999999999	45.926744166666666	20.466666666666665
0.08333333333333333	0.36520109999999995	65.7320325	0.9
0.1	0.39453841666666656	71.3478875	1.8333333333333333
0.08333333333333333	0.3505325	42.83963416666666	6.016666666666667
0.1	0.3561768	51.184468333333335	0.16666666666666666
0.08333333333333333	0.42259374999999993	68.83262916666666	10.266666666666667
0.03333333333333333	0.4185144333333334	71.45820499999999	0.7
0.06666666666666667	0.4207456	71.89131500000002	13.833333333333334
0.16666666666666666	0.4222607333333334	64.58691166666667	15.65
0.4666666666666667	0.5420080833333334	35.069515	1.2
0.23333333333333334	0.41237061666666663	76.48721666666667	26.166666666666668
0.11666666666666667	0.3936060833333333	64.46727833333333	21.2
0.08333333333333333	0.3791538666666667	69.0476525	18.166666666666668
0.05	0.40839119999999995	65.49591583333333	0.16666666666666666
0.16666666666666666	0.4279051166666667	74.52485333333333	15.183333333333334
0.08333333333333333	0.3949546833333334	42.013417499999996	4.733333333333333
0.0	0.43949348333333327	62.90057583333332	6.583333333333333
0.23333333333333334	0.4886612000000001	76.94509916666668	13.383333333333333
1.0666666666666667	0.5868135166666665	68.89074000000001	20.433333333333334
0.2	0.49911749999999994	79.723025	15.916666666666666
0.5833333333333334	0.5395939000000001	72.44601499999999	3.7333333333333334
0.4	0.55784225	73.26651750000002	9.283333333333333
0.16666666666666666	0.5611391500000001	72.94424250000002	24.333333333333332
0.16666666666666666	0.4709622166666666	66.04632916666667	2.2666666666666666
0.03333333333333333	0.4527969499999999	49.23518583333332	0.8666666666666667
0.21666666666666667	0.45797513333333323	58.27680333333334	9.383333333333333
0.1	0.45990644999999997	75.0627525	7.433333333333334
0.06666666666666667	0.43110190000000004	70.37851666666667	4.883333333333334
0.03333333333333333	0.4173156	48.08556916666666	0.8
0.23333333333333334	0.43403230000000004	73.8104125	20.133333333333333
0.13333333333333333	0.48696291666666663	58.58053166666666	2.8666666666666667
0.08333333333333333	0.43043586666666667	67.67489333333334	18.75
0.06666666666666667	0.48671325	41.02688666666666	3.933333333333333
0.13333333333333333	0.4640189333333334	75.3868625	24.416666666666668
0.26666666666666666	0.46809834999999994	76.3060841666667	42.25
0.11666666666666667	0.49255725	76.59535333333335	6.716666666666667
0.16666666666666666	0.5005493333333333	77.76160750000001	40.35
0.06666666666666667	0.4634196000000001	78.16682750000001	0.9
0.21666666666666667	0.4785045833333334	75.5386066666667	2.0166666666666666
0.1	0.4555607666666666	79.01720083333333	8.2
0.08333333333333333	0.46153815	74.48813333333332	0.2
0.11666666666666667	0.4711118833333333	76.40277749999998	2.5166666666666666
0.13333333333333333	0.4787211833333334	78.45598666666666	19.516666666666666
0.13333333333333333	0.47545771666666664	71.19675166666667	23.866666666666667
0.23333333333333334	0.48669654999999995	63.20572000000001	0.1
0.08333333333333333	0.4819178166666667	75.55496083333334	21.166666666666668
0.2833333333333333	0.4802029833333333	70.57635583333334	10.966666666666667
0.2833333333333333	0.4509653833333332	71.78582333333334	34.483333333333334
0.5166666666666667	0.49901761666666666	72.82533916666665	35.5
0.13333333333333333	0.490343	77.72073083333333	17.416666666666668
0.05	0.41918045	73.30971833333336	22.316666666666666
0.03333333333333333	0.4384611666666666	73.32998333333333	56.53333333333333
0.4166666666666667	0.4780718333333333	75.61729583333332	102.78333333333333
0.3	0.4706624166666667	76.46145166666669	11.666666666666666
0.08333333333333333	0.50744255	77.90196416666666	47.833333333333336
0.2	0.4951215	76.9663275	2.85
0.05	0.44413889999999995	70.2981225	0.4666666666666667
0.0	0.4426569666666667	68.03287583333334	5.683333333333334
0.21666666666666667	0.5059106999999999	60.84172666666667	10.95
0.11666666666666667	0.48729588333333335	61.38629583333333	0.3
0.2	0.39430546666666666	33.630273333333335	13.833333333333334
0.4	0.55651025	76.85718499999999	44.28333333333333
0.4166666666666667	0.42377606666666673	67.65853083333333	0.6
0.4666666666666667	0.46510148333333323	35.007489166666666	0.0
0.05	0.3997499333333333	58.41978833333333	1.2333333333333334
0.06666666666666667	0.4075420833333333	70.27346000000001	0.7166666666666667
0.0	0.36773193333333337	51.6381275	0.23333333333333334
0.1	0.45815825	65.1086	6.966666666666667
0.03333333333333333	0.38846115000000003	70.946695	0.75
0.21666666666666667	0.4726271833333333	38.68359000000001	13.316666666666666
0.3333333333333333	0.5217284	65.72798	4.816666666666666
0.1	0.4653011166666666	64.793615	10.75
0.03333333333333333	0.45890755000000005	79.77074083333333	4.633333333333334
0.38333333333333336	0.53917775	77.77363499999998	34.35
0.16666666666666666	0.53305035	79.59032416666668	36.88333333333333
0.06666666666666667	0.4963203166666667	81.17536083333334	0.45
0.4166666666666667	0.5477192166666666	77.53308416666664	9.666666666666666
0.26666666666666666	0.54776915	67.0255225	7.283333333333333
0.15	0.47547435	67.21659416666667	0.9
0.15	0.4827171833333333	59.44968000000001	0.06666666666666667
0.13333333333333333	0.4596733166666666	75.64126166666667	2.966666666666667
0.35	0.5003829666666668	78.03866999999998	11.566666666666666
0.8833333333333333	0.5610392999999999	74.43297916666664	1.8333333333333333
0.35	0.5035797333333334	75.2837225	35.13333333333333
0.06666666666666667	0.48666308333333336	76.31446249999999	12.483333333333333
0.13333333333333333	0.5041791166666667	80.10126999999999	19.666666666666668
0.35	0.534266	73.10927916666668	11.033333333333333
0.2833333333333333	0.5101232000000001	76.8407025	6.216666666666667
0.4166666666666667	0.52679005	70.8888775	16.283333333333335
0.15	0.5222278833333334	74.80827	0.8666666666666667
0.16666666666666666	0.49443889999999996	79.33103166666668	4.083333333333333
0.5	0.5523311666666666	78.76202916666666	26.083333333333332
1.0833333333333333	0.6334335666666665	79.24144666666666	76.7
0.7	0.57389295	74.71704333333335	9.233333333333333
0.06666666666666667	0.43298336666666665	76.36559083333334	21.133333333333333
0.21666666666666667	0.42617343333333335	61.38386249999999	5.366666666666666
0.05	0.44020963333333335	74.46947833333334	3.6
0.06666666666666667	0.4723107833333334	69.82089666666668	0.38333333333333336
0.08333333333333333	0.4371458	75.36199333333336	24.2
0.5	0.52279405	60.95919583333333	6.266666666666667
0.45	0.5365137333333333	60.33999166666667	5.416666666666667
0.11666666666666667	0.4028801000000001	46.82347583333333	47.583333333333336
0.03333333333333333	0.38319975000000006	70.13833333333334	0.6
0.21666666666666667	0.4489842	56.108005833333344	5.116666666666666
0.06666666666666667	0.44300681666666664	73.06149833333333	27.25
0.08333333333333333	0.43230070000000004	64.30538333333332	7.3
0.4666666666666667	0.4754577166666667	68.37370166666666	42.96666666666667
0.3	0.4807690833333334	74.45712083333332	1.0333333333333334
0.5666666666666667	0.5820516333333335	67.65398666666665	1.8666666666666667
0.8333333333333334	0.54502185	68.85063333333333	43.766666666666666
0.05	0.4738093166666667	76.81364500000001	15.233333333333333
0.15	0.5461207666666666	74.66207916666666	1.6833333333333333
0.75	0.5637699333333333	78.47148833333334	6.483333333333333
0.43333333333333335	0.5744426000000001	79.35145416666667	3.8333333333333335
0.5	0.5653848333333333	79.40991583333336	15.55
0.3	0.5414088499999999	78.16428666666667	5.583333333333333
0.05	0.43992645	75.8719675	10.2
0.03333333333333333	0.49676988333333333	79.10292833333334	23.016666666666666
0.0	0.4027802	71.65040666666667	7.183333333333334
0.13333333333333333	0.39002630000000005	68.4560575	7.9
0.15	0.4149347	38.45679750000001	6.533333333333333
0.05	0.42097863333333335	48.219479166666666	0.26666666666666666
0.08333333333333333	0.44049246666666664	69.08747833333334	10.05
0.16666666666666666	0.44925051666666665	46.35975583333333	5.55
0.11666666666666667	0.5222944666666668	77.11795916666665	58.7
0.11666666666666667	0.3774056	63.33937	8.516666666666667
0.08333333333333333	0.3860303166666667	54.246784999999996	11.366666666666667
0.08333333333333333	0.3906257000000001	58.17593083333333	4.866666666666666
0.0	0.4428903166666666	72.34358166666668	7.2
0.0	0.3949047666666666	63.33195333333333	2.2
0.06666666666666667	0.43564741666666673	64.08065083333334	20.316666666666666
0.0	0.4910255333333333	59.523169166666655	4.15
0.0	0.34557075	23.183019166666664	0.1
0.15	0.3479184166666667	9.959720083333334	0.5666666666666667
0.0	0.3908754	53.559578333333334	1.6
0.0	0.35529436666666664	13.930232499999999	6.166666666666667
0.1	0.4122873	14.416056666666668	2.966666666666667
0.0	0.4050779666666667	65.31443333333333	94.2
0.0	0.39598695	53.12818333333334	0.48333333333333334
0.05	0.3542620666666666	28.82721416666667	0.16666666666666666
0.08333333333333333	0.35735895000000006	28.782989166666667	2.0166666666666666
0.05	0.42402556666666674	75.89426416666666	3.8333333333333335
0.15	0.4440389500000001	64.09105416666667	2.566666666666667
0.08333333333333333	0.4408921	53.59053166666666	0.23333333333333334
0.11666666666666667	0.4288041833333333	69.20362833333334	47.31666666666667
0.0	0.4357638166666667	68.62746416666667	4.45
0.0	0.37760535	64.58605583333333	2.4166666666666665
0.016666666666666666	0.37957004999999994	63.35181750000001	0.8333333333333334
0.23333333333333334	0.5026473666666668	75.1827625	6.983333333333333
0.18333333333333332	0.4950881666666666	73.57051583333333	9.683333333333334
0.75	0.6442560500000002	75.83458999999999	10.666666666666666
0.35	0.5491342833333335	69.14583250000001	24.4
0.43333333333333335	0.51292045	78.68018166666664	14.116666666666667
0.21666666666666667	0.5424245166666667	76.55014583333333	10.383333333333333
0.0	0.36052245	37.38041833333334	1.1666666666666667
0.3	0.45407898333333335	66.85533333333335	23.916666666666668
0.2	0.40914049999999996	76.61159666666667	8.616666666666667
0.03333333333333333	0.43045255000000004	76.61771833333336	26.716666666666665
0.0	0.35829135	28.248205833333333	0.1
0.03333333333333333	0.38028605	47.723505833333334	0.6333333333333333
0.0	0.3901262	76.33632166666668	46.86666666666667
0.05	0.3692138	67.29349666666667	6.15
0.1	0.4402260833333333	70.8107175	23.3
0.0	0.40695933333333323	65.18311833333334	2.533333333333333
0.03333333333333333	0.38185109999999994	77.92624416666666	3.3666666666666667
0.25	0.3863966333333334	77.33490833333333	6.233333333333333
0.0	0.38379920000000006	43.41920583333332	8.916666666666666
0.03333333333333333	0.35439524999999994	44.2266825	2.65
0.06666666666666667	0.4277885333333333	65.60607999999999	7.516666666666667
0.0	0.36871425	45.29098083333334	0.8166666666666667
0.08333333333333333	0.4140023166666667	78.58337583333335	1.25
0.03333333333333333	0.3585577833333333	52.994114999999994	0.13333333333333333
0.0	0.40431195000000003	64.85987916666667	0.16666666666666666
0.08333333333333333	0.36956343333333325	54.81621500000001	14.0
0.06666666666666667	0.4607889166666667	65.85564916666667	15.266666666666667
0.18333333333333332	0.40844121666666666	55.882265	4.7
0.15	0.39050918333333334	58.01789333333333	6.383333333333334
0.13333333333333333	0.3822008166666667	66.01221583333333	18.466666666666665
0.0	0.37429199999999996	10.594656666666667	1.4333333333333333
0.03333333333333333	0.4058437833333333	60.44271416666667	7.5
0.03333333333333333	0.46137161666666665	60.31348333333333	7.95
0.03333333333333333	0.4089573166666666	61.509417500000005	1.0
0.0	0.42305986666666673	56.06873	0.36666666666666664
0.55	0.5631370833333335	61.43924666666667	2.7
0.18333333333333332	0.4853811666666667	64.09652916666667	23.466666666666665
0.11666666666666667	0.5376624666666667	70.9937225	14.4
0.31666666666666665	0.4887945166666668	64.05063666666668	0.16666666666666666
0.08333333333333333	0.45186455	43.64769	2.683333333333333
0.18333333333333332	0.4556941	58.10855916666665	36.0
0.0	0.38594699999999993	9.691315250000002	0.1
0.1	0.4406423833333333	48.754320833333345	6.133333333333334
0.36666666666666664	0.4547948833333333	49.37501916666667	0.5
0.0	0.3599064	33.49986166666667	0.2
0.0	0.44382258333333335	70.34471500000001	16.516666666666666
0.16666666666666666	0.45687624999999993	71.93594416666666	17.4
0.03333333333333333	0.3910752333333333	62.54785833333334	1.2833333333333334
0.05	0.374342	75.66345916666667	79.28333333333333
0.15	0.41225405	73.52511416666667	19.266666666666666
0.0	0.38647983333333336	65.80901750000001	15.183333333333334
0.0	0.4297032166666667	74.02902833333334	5.866666666666666
0.05	0.37923709999999994	63.43513250000001	30.7
0.03333333333333333	0.38794501666666664	59.854491666666654	0.4666666666666667
0.1	0.4195300833333333	73.9587375	2.1666666666666665
0.05	0.41626673333333336	64.89930333333334	5.266666666666667
0.05	0.4191804166666666	68.55222499999999	4.0
0.0	0.42472486666666665	50.1758925	0.6666666666666666
0.11666666666666667	0.42334298333333337	44.23774	1.4
0.016666666666666666	0.4143852666666667	72.52878083333333	8.033333333333333
0.0	0.3948048333333333	60.54606750000001	7.3
0.13333333333333333	0.42832139999999996	52.75804916666667	1.9333333333333333
0.0	0.38604693333333334	54.98614166666667	6.466666666666667
0.08333333333333333	0.3640190166666667	54.98091416666668	45.483333333333334
0.13333333333333333	0.46874765	61.300630000000005	0.8666666666666667
0.16666666666666666	0.40975655000000005	61.10194	5.433333333333334
0.03333333333333333	0.4020142499999999	44.85744916666666	0.36666666666666664
0.0	0.4025970833333333	63.266590833333346	22.05
0.08333333333333333	0.42216076666666674	75.78762666666668	26.75
0.13333333333333333	0.4021641666666667	76.69947833333332	5.633333333333334
0.03333333333333333	0.38564733333333334	31.811384999999998	10.516666666666667
0.0	0.39169129999999996	44.73806666666666	54.65
0.0	0.4189806666666666	70.47315	0.43333333333333335
0.05	0.40276350000000005	66.563485	0.5
0.05	0.40244716666666674	68.16402583333334	10.55
0.03333333333333333	0.37081214999999995	72.46970916666668	0.5666666666666667
0.03333333333333333	0.42429199999999995	76.24416333333332	9.966666666666667
0.06666666666666667	0.45880764999999996	76.302125	29.766666666666666
0.08333333333333333	0.4251911	72.15365	50.25
0.03333333333333333	0.4669827666666666	75.04546166666668	32.71666666666667
0.13333333333333333	0.47256049999999994	72.33299583333333	26.666666666666668
0.0	0.44134165	71.67047249999999	51.05
0.23333333333333334	0.4833499166666667	67.42012333333332	0.06666666666666667
0.03333333333333333	0.4483679333333334	75.31677749999999	53.25
0.0	0.42405891666666656	60.758145000000006	2.066666666666667
0.06666666666666667	0.39778518333333324	73.60599916666669	0.23333333333333334
0.06666666666666667	0.3695134833333334	54.573980833333316	7.016666666666667
0.0	0.44870098333333336	71.06803916666667	15.166666666666666
0.11666666666666667	0.42214413333333334	71.99967500000001	4.366666666666666
0.6333333333333333	0.5420083166666666	74.51052750000001	8.5
0.15	0.4594902166666667	58.55228916666666	43.6
0.06666666666666667	0.4524472	27.499248333333334	5.766666666666667
0.03333333333333333	0.4029966333333333	72.65714499999999	0.7166666666666667
0.26666666666666666	0.4941390166666667	76.18354333333335	8.133333333333333
0.0	0.44322311666666664	20.409929166666664	0.5666666666666667
0.23333333333333334	0.45925708333333326	78.37917583333332	5.0
0.1	0.47772195000000006	78.32771916666667	7.483333333333333
0.2833333333333333	0.4756741	78.77087666666668	7.316666666666666
0.0	0.45374590000000004	75.26261083333333	16.216666666666665
0.26666666666666666	0.5354313833333333	70.86893416666666	2.816666666666667
0.31666666666666665	0.5383283666666666	73.61519999999999	27.033333333333335
0.18333333333333332	0.44575395000000007	77.75040416666666	49.45
0.05	0.3943553166666666	65.01280416666665	29.35
0.2	0.4492838166666667	68.73023916666668	1.2333333333333334
0.08333333333333333	0.4471858333333333	70.33187083333333	28.35
0.03333333333333333	0.3646683	27.075791666666657	0.2833333333333333
0.18333333333333332	0.4516813166666667	60.64123	15.966666666666667
0.05	0.4264898333333333	58.48249416666667	0.03333333333333333
0.11666666666666667	0.44828463333333335	35.15416916666667	0.1
0.06666666666666667	0.41275353333333337	55.55449	9.283333333333333
0.0	0.42207759999999994	72.60386500000001	26.783333333333335
0.05	0.43321645	43.274408333333334	10.466666666666667
0.06666666666666667	0.45038263333333334	43.0242025	8.133333333333333
0.06666666666666667	0.4217779666666666	44.661533333333324	3.5
0.15	0.46336971666666665	73.19390083333332	5.833333333333333
0.5	0.49815175	77.5798291666667	30.2
0.05	0.46724914999999995	74.59025833333332	19.2
0.2	0.4560769333333333	74.58491583333331	36.266666666666666
0.2	0.4588242833333334	73.95486083333334	5.633333333333334
0.26666666666666666	0.49568756666666663	71.36423916666666	4.6
0.03333333333333333	0.45730894999999994	77.44940833333334	3.533333333333333
0.16666666666666666	0.46090545000000005	75.90591833333335	30.366666666666667
0.43333333333333335	0.5142858166666667	72.89737416666665	1.05
0.13333333333333333	0.45484481666666654	70.49231250000001	13.483333333333333
0.08333333333333333	0.38318315000000003	54.93567916666666	10.15
0.0	0.3745251	67.27973083333332	0.2
0.0	0.3595900500000001	49.32076583333335	0.36666666666666664
0.0	0.365634	72.08481416666669	0.6
0.0	0.39084215	50.36085083333334	13.733333333333333
0.0	0.3940722000000001	58.761576666666656	1.6333333333333333
0.08333333333333333	0.4516978833333333	69.95892083333335	9.583333333333334
0.03333333333333333	0.41110519999999995	64.29506583333333	13.566666666666666
0.06666666666666667	0.38188445000000004	64.44932416666667	50.983333333333334
0.11666666666666667	0.368298	21.95487666666667	0.16666666666666666
0.08333333333333333	0.4041455	67.46753083333333	8.966666666666667
0.05	0.37434196666666675	56.1976675	0.06666666666666667
0.1	0.4032297166666667	63.95209416666666	2.933333333333333
0.0	0.374958	74.83015166666665	0.03333333333333333
0.05	0.4293369833333333	77.87799833333335	10.166666666666666
0.05	0.3867795166666667	74.64228916666666	1.15
0.03333333333333333	0.3943719000000001	67.68865583333333	0.1
0.06666666666666667	0.42289341666666674	66.06234666666667	17.333333333333332
0.15	0.3871625	67.96610583333334	11.85
0.16666666666666666	0.46073888333333335	69.44696	16.983333333333334
0.11666666666666667	0.4444552	68.76133333333333	2.033333333333333
0.13333333333333333	0.45925713333333334	75.99877249999999	20.733333333333334
0.5666666666666667	0.5202796833333333	40.245250000000006	5.933333333333334
0.0	0.39745218333333343	44.93753166666667	14.883333333333333
0.3	0.5288046833333333	73.99560083333334	17.9
0.4166666666666667	0.5631371499999999	79.01075916666666	58.85
0.9166666666666666	0.6280556333333335	77.96749	10.05
0.11666666666666667	0.46711588333333337	65.02671916666667	6.666666666666667
0.0	0.3655340999999999	72.18281083333335	3.7333333333333334
0.15	0.38942685000000005	69.624085	1.7833333333333334
0.06666666666666667	0.41461838333333334	67.60814916666668	18.9
0.18333333333333332	0.3839324166666667	63.66587	10.866666666666667
0.16666666666666666	0.4367796666666667	68.360795	3.433333333333333
0.08333333333333333	0.4125371166666667	56.895559999999996	2.1333333333333333
0.03333333333333333	0.40381248333333336	58.4293	7.616666666666666
0.0	0.47256061666666666	69.76966166666668	0.16666666666666666
0.06666666666666667	0.47454184999999993	78.22318000000001	51.8
0.06666666666666667	0.4221108333333333	60.722004166666665	0.36666666666666664
0.03333333333333333	0.3816513166666667	62.410605833333335	0.2
0.13333333333333333	0.49708630000000004	73.7148058333333	3.6666666666666665
0.4166666666666667	0.5392776166666666	68.90037249999999	3.933333333333333
0.4666666666666667	0.5353647833333334	74.91733083333334	9.683333333333334
0.1	0.4764898666666666	79.54147499999999	2.35
0.15	0.5168998833333334	78.24568500000001	13.8
0.0	0.351981	55.74894750000001	1.2333333333333334
0.1	0.42387575000000005	73.512855	16.016666666666666
0.3333333333333333	0.40018293333333327	65.2839575	3.75
0.36666666666666664	0.5049949166666666	56.12513416666668	11.1
0.06666666666666667	0.46971340000000006	75.22341416666664	3.566666666666667
0.03333333333333333	0.5007326166666667	76.1514575	50.0
0.08333333333333333	0.4062766666666667	59.2387225	24.566666666666666
0.18333333333333332	0.46754883333333336	73.54151333333333	2.8
0.03333333333333333	0.4603060666666667	74.83786250000001	16.233333333333334
0.1	0.42902065	63.76654	8.283333333333333
0.03333333333333333	0.39535433333333336	57.38643416666667	9.6
0.08333333333333333	0.40521105	68.98924166666666	1.3833333333333333
0.0	0.36305325000000005	69.69222833333333	0.26666666666666666
0.08333333333333333	0.37322641666666667	49.282734999999995	5.683333333333334
0.0	0.43982646666666664	76.66481583333331	2.65
0.35	0.47520794999999993	66.37458916666668	5.25
0.35	0.4868463666666667	66.22611833333333	1.35
0.18333333333333332	0.4805359166666667	78.25428916666668	1.9666666666666666
0.03333333333333333	0.3996832833333333	62.28908249999999	21.55
0.11666666666666667	0.43954343333333334	75.06175	21.166666666666668
1.1	0.6010326833333334	72.11747416666665	53.55
0.85	0.5743758499999999	72.37024166666667	50.06666666666667
0.3	0.44753546666666666	71.99672583333333	11.6
0.4	0.5165834833333333	62.17878499999999	2.1166666666666667
0.2833333333333333	0.5090576333333333	60.38709083333334	0.9333333333333333
0.11666666666666667	0.4272224166666666	51.676114999999996	20.583333333333332
0.1	0.42029598333333335	72.47795833333332	4.383333333333334
0.03333333333333333	0.42164461666666664	64.347995	0.3
0.2833333333333333	0.42542430000000003	33.699751666666664	11.466666666666667
0.2833333333333333	0.4739260166666667	77.57804000000002	17.433333333333334
0.21666666666666667	0.4535961666666666	73.34251	1.5333333333333334
0.13333333333333333	0.4298032333333334	55.05984750000001	0.06666666666666667
0.0	0.43886079999999994	75.06347166666664	38.28333333333333
0.2833333333333333	0.46630014999999997	78.18331749999999	7.633333333333334
0.11666666666666667	0.40782523333333337	67.562675	10.666666666666666
0.16666666666666666	0.4252243833333333	68.4200175	9.133333333333333
0.08333333333333333	0.42439188333333333	72.26392916666667	3.0
0.08333333333333333	0.43782845	74.68033583333334	2.6333333333333333
0.0	0.38624670000000005	42.26466083333333	0.1
0.0	0.43196771666666667	60.03020916666666	27.966666666666665
0.2	0.4704792666666666	71.83255083333333	19.433333333333334
0.16666666666666666	0.44913386666666677	65.53506916666667	17.05
0.2	0.46801509999999996	60.748823333333334	7.466666666666667
0.06666666666666667	0.46441868333333336	60.05269916666666	0.1
0.05	0.4512318166666666	61.03409333333334	0.5333333333333333
0.0	0.4058604333333334	53.39971166666666	1.5333333333333334
0.0	0.3835660666666667	53.04685000000001	1.3333333333333333
0.03333333333333333	0.40218080000000006	56.26148000000001	0.43333333333333335
0.05	0.3818178000000001	34.83911083333333	0.16666666666666666
0.03333333333333333	0.39666966666666664	71.07625999999999	2.0
0.25	0.4054276833333333	47.35524416666667	19.033333333333335
0.08333333333333333	0.411305	60.09191666666666	0.2
0.13333333333333333	0.42695605000000003	67.1148775	29.9
0.05	0.45819146666666666	39.01999166666667	1.35
0.08333333333333333	0.40321311666666665	56.69400666666666	6.783333333333333
0.45	0.4196300333333333	45.14943166666667	8.716666666666667
0.0	0.40506128333333336	61.065780000000004	7.333333333333333
0.0	0.4251078333333334	73.28549249999999	13.316666666666666
0.0	0.3515148	60.828238333333324	0.26666666666666666
0.06666666666666667	0.39282346666666673	41.681986666666674	2.9166666666666665
0.1	0.41551746666666667	76.72174416666665	9.183333333333334
0.13333333333333333	0.4306689833333332	67.4434725	17.35
0.03333333333333333	0.3810353	63.44466833333334	1.6
0.05	0.39432195	72.42750083333333	15.416666666666666
0.11666666666666667	0.4530466	75.47109583333334	1.8333333333333333
0.11666666666666667	0.4249913166666667	75.40222750000001	26.783333333333335
0.0	0.3280716166666666	53.59347916666666	1.05
0.13333333333333333	0.4022807333333333	52.1803775	10.75
0.1	0.4210619	46.280327500000006	11.2
0.05	0.4240921833333333	46.62303333333333	0.6666666666666666
0.2	0.49495495000000006	77.67831083333334	32.8
0.18333333333333332	0.41881416666666665	77.62444166666664	8.783333333333333
0.21666666666666667	0.4029800166666667	63.01765666666665	25.1
0.13333333333333333	0.4062933666666666	53.91517	13.133333333333333
0.0	0.40496129999999997	64.5415075	186.48333333333332
0.05	0.39656969999999997	35.105489166666665	0.06666666666666667
0.16666666666666666	0.5049617666666666	78.63787249999999	2.0
0.5666666666666667	0.5982021333333332	76.87865583333334	32.61666666666667
0.23333333333333334	0.5166166999999999	77.24986249999999	7.116666666666666
0.21666666666666667	0.47117859999999995	68.65922333333333	25.983333333333334
0.15	0.3387276000000001	10.720886666666667	0.06666666666666667
0.0	0.41473493333333333	62.35326333333333	19.466666666666665
0.0	0.3778884	75.85772000000001	1.4666666666666666
0.0	0.3656673	31.472026666666668	0.18333333333333332
0.03333333333333333	0.36679950000000006	33.17959583333334	0.48333333333333334
0.0	0.35552748333333334	54.57244333333334	0.06666666666666667
0.13333333333333333	0.4155674	65.70283166666667	0.23333333333333334
0.08333333333333333	0.46641658333333336	72.67922666666665	21.416666666666668
0.11666666666666667	0.4908590166666667	62.810933333333324	16.2
0.1	0.46916385000000005	52.606154999999994	6.0
0.03333333333333333	0.4140022666666667	75.0448775	3.183333333333333
0.11666666666666667	0.4094735333333333	46.785066666666665	24.8
0.08333333333333333	0.4372624	65.13853250000001	2.7666666666666666
0.08333333333333333	0.4173989	65.37276166666666	13.733333333333333
0.06666666666666667	0.40522774999999994	58.30725333333333	2.066666666666667
0.08333333333333333	0.41928034999999997	64.17334333333334	0.5333333333333333
0.05	0.38637993333333337	62.61806833333333	28.85
0.15	0.39180790000000004	57.83322666666667	12.633333333333333
0.11666666666666667	0.45919055000000003	76.10837083333332	34.81666666666667
0.08333333333333333	0.45452868333333335	63.15030750000001	2.5
0.0	0.39628674999999997	57.2156825	26.3
0.11666666666666667	0.4253243166666667	59.988029166666664	14.85
0.03333333333333333	0.4473355833333334	54.67840333333333	0.8
0.08333333333333333	0.3987841999999999	60.05732083333332	18.7
0.08333333333333333	0.4377452166666666	42.26145833333333	0.4
0.08333333333333333	0.4460036666666667	73.5984925	4.333333333333333
0.03333333333333333	0.4131032666666667	39.33310333333335	13.966666666666667
0.0	0.4056439833333333	77.48284916666667	38.96666666666667
0.18333333333333332	0.46102195000000007	77.88601166666666	66.73333333333333
0.05	0.44462165	61.79383416666668	0.1
0.26666666666666666	0.50529465	75.11486666666666	9.283333333333333
0.16666666666666666	0.4842821666666667	78.12402083333332	26.25
0.23333333333333334	0.5541461666666667	77.76141916666667	44.083333333333336
0.31666666666666665	0.5094738666666667	77.77029083333332	15.666666666666666
0.45	0.5392775833333333	78.04384916666666	38.416666666666664
0.5666666666666667	0.5556612666666667	75.20587666666667	16.783333333333335
0.0	0.5033133166666667	77.91254999999998	16.683333333333334
0.03333333333333333	0.4580082833333334	74.75376583333335	46.416666666666664
0.25	0.5126373666666667	74.86327666666668	56.25
0.05	0.44127504999999995	56.07438666666666	0.6333333333333333
0.3	0.5495840500000001	71.0979525	8.483333333333333
0.35	0.5417251000000001	76.68620333333334	30.833333333333332
0.13333333333333333	0.4508322833333334	72.44186333333332	0.5
0.05	0.40447848333333336	61.76998249999999	8.416666666666666
0.0	0.41346951666666665	72.04734333333334	28.9
0.05	0.36257040000000007	55.78518999999999	5.05
0.05	0.3948881000000001	54.246036666666676	11.816666666666666
0.06666666666666667	0.4270393166666667	72.01288416666667	17.633333333333333
0.11666666666666667	0.4500330166666667	61.37104833333333	2.716666666666667
0.21666666666666667	0.4602894333333333	68.83037333333333	17.116666666666667
0.03333333333333333	0.4590073333333334	76.40611333333331	30.066666666666666
0.0	0.39230729999999997	50.66431249999999	0.21666666666666667
0.03333333333333333	0.3847482	55.22408166666666	0.23333333333333334
0.0	0.3399430499999999	16.0910375	4.05
0.0	0.4369626833333333	75.39470833333334	14.033333333333333
0.03333333333333333	0.40612686666666664	48.09929083333334	6.366666666666666
0.05	0.4434229500000001	61.636066666666665	14.5
0.05	0.41971329999999996	72.7279175	8.75
0.0	0.4108387666666667	71.58841249999999	4.983333333333333
0.0	0.4541121833333333	71.79145583333334	15.316666666666666
0.5833333333333334	0.5301367666666666	71.53578583333334	52.416666666666664
0.3	0.45754218333333335	74.60753	23.433333333333334
0.1	0.47642331666666665	71.99890166666667	10.483333333333333
0.3333333333333333	0.5228772166666666	78.36454916666665	30.066666666666666
0.4	0.5256576833333333	77.33817749999999	105.38333333333334
0.15	0.4797533500000001	72.27307666666665	38.03333333333333
0.08333333333333333	0.4208621666666667	30.670591666666667	68.68333333333334
0.06666666666666667	0.40133171666666667	32.983374166666664	4.483333333333333
0.0	0.4153509	72.78457333333333	0.4
0.21666666666666667	0.4417245666666666	56.51369916666667	15.0
0.0	0.3580083	55.209356666666665	3.5
0.05	0.41844781666666664	76.45756750000001	3.183333333333333
0.05	0.38628005000000004	76.46961499999999	13.716666666666667
0.1	0.46278696666666674	51.65557166666667	20.916666666666668
0.11666666666666667	0.4358471666666667	72.76912416666667	15.933333333333334
0.06666666666666667	0.4049114666666666	54.132153333333335	23.216666666666665
0.11666666666666667	0.4340156833333333	27.111978333333337	10.316666666666666
0.45	0.53774565	78.44763416666667	7.616666666666666
0.25	0.5543958333333332	78.88251916666667	24.8
0.05	0.3960036666666666	66.32608499999999	10.533333333333333
